variable,count,mean,std,min,25%,50%,75%,max,original
dummy1,1000.0,-3.915121459983778e-05,0.009663263815440554,-0.0345294154827513,-0.0066509394938716,1.3116226464937599e-05,0.00636484553594685,0.029680261873402,0.0019856453706523
dummy2,1000.0,-0.0004255725903333158,0.011335452458443555,-0.0343848778549578,-0.007676838686156975,-0.00027901796293810003,0.007554339741604001,0.0353350832552123,0.0192445767324258
x1,1000.0,0.040981262773505604,3.0553706688349545,-9.989501154603968,-1.8370499071073367,0.01956230952048435,1.990422009954629,28.20065067712839,28.20065067712839
x2,1000.0,-0.011673463689445256,8.21509112417226,-24.129405478855983,-5.500062964348246,0.0491402377011307,5.155630045238563,75.04965820238742,75.04965820238742
x3,1000.0,0.03797571988414718,1.925605211208229,-6.141017848938109,-1.2253352118574854,0.07257729900623384,1.2147928289355114,17.753740678405087,17.753740678405087
